[
    {
        "inputs": [
            {
                "internalType": "address",
                "name": "_gateKeeper",
                "type": "address"
            },
            {
                "internalType": "address",
                "name": "_token",
                "type": "address"
            },
            {
                "internalType": "uint256",
                "name": "_maxRefund",
                "type": "uint256"
            },
            {
                "internalType": "address",
                "name": "_verifier",
                "type": "address"
            }
        ],
        "stateMutability": "nonpayable",
        "type": "constructor"
    },
    {
        "inputs": [],
        "name": "InvalidProof",
        "type": "error"
    },
    {
        "anonymous": false,
        "inputs": [
            {
                "indexed": true,
                "internalType": "address",
                "name": "contributor",
                "type": "address"
            },
            {
                "indexed": false,
                "internalType": "uint256",
                "name": "amount",
                "type": "uint256"
            }
        ],
        "name": "Claimed",
        "type": "event"
    },
    {
        "anonymous": false,
        "inputs": [
            {
                "indexed": false,
                "internalType": "uint256",
                "name": "newScopeSeed",
                "type": "uint256"
            }
        ],
        "name": "ScopeRefreshed",
        "type": "event"
    },
    {
        "inputs": [
            {
                "components": [
                    {
                        "internalType": "uint256",
                        "name": "merkleTreeRoot",
                        "type": "uint256"
                    },
                    {
                        "internalType": "uint256",
                        "name": "nullifierHash",
                        "type": "uint256"
                    },
                    {
                        "internalType": "uint256[8]",
                        "name": "proof",
                        "type": "uint256[8]"
                    }
                ],
                "internalType": "struct ZkBill.GateKeeperProof",
                "name": "gateKeeperProof",
                "type": "tuple"
            },
            {
                "components": [
                    {
                        "internalType": "uint256[2]",
                        "name": "_pA",
                        "type": "uint256[2]"
                    },
                    {
                        "internalType": "uint256[2][2]",
                        "name": "_pB",
                        "type": "uint256[2][2]"
                    },
                    {
                        "internalType": "uint256[2]",
                        "name": "_pC",
                        "type": "uint256[2]"
                    },
                    {
                        "internalType": "uint256[4]",
                        "name": "_pubSignals",
                        "type": "uint256[4]"
                    }
                ],
                "internalType": "struct ZkBill.Proof",
                "name": "proof",
                "type": "tuple"
            }
        ],
        "name": "claim",
        "outputs": [],
        "stateMutability": "nonpayable",
        "type": "function"
    },
    {
        "inputs": [],
        "name": "gateKeeper",
        "outputs": [
            {
                "internalType": "address",
                "name": "",
                "type": "address"
            }
        ],
        "stateMutability": "view",
        "type": "function"
    },
    {
        "inputs": [],
        "name": "getScope",
        "outputs": [
            {
                "internalType": "uint256",
                "name": "",
                "type": "uint256"
            }
        ],
        "stateMutability": "view",
        "type": "function"
    },
    {
        "inputs": [],
        "name": "groth16verifier",
        "outputs": [
            {
                "internalType": "address",
                "name": "",
                "type": "address"
            }
        ],
        "stateMutability": "view",
        "type": "function"
    },
    {
        "inputs": [],
        "name": "lastScopeRefreshTimestamp",
        "outputs": [
            {
                "internalType": "uint256",
                "name": "",
                "type": "uint256"
            }
        ],
        "stateMutability": "view",
        "type": "function"
    },
    {
        "inputs": [],
        "name": "maxRefund",
        "outputs": [
            {
                "internalType": "uint256",
                "name": "",
                "type": "uint256"
            }
        ],
        "stateMutability": "view",
        "type": "function"
    },
    {
        "inputs": [],
        "name": "refreshScope",
        "outputs": [],
        "stateMutability": "nonpayable",
        "type": "function"
    },
    {
        "inputs": [],
        "name": "scopeSeed",
        "outputs": [
            {
                "internalType": "uint256",
                "name": "",
                "type": "uint256"
            }
        ],
        "stateMutability": "view",
        "type": "function"
    },
    {
        "inputs": [],
        "name": "token",
        "outputs": [
            {
                "internalType": "address",
                "name": "",
                "type": "address"
            }
        ],
        "stateMutability": "view",
        "type": "function"
    }
]
